Product Title,Product Link
ADP CAT.6 UTP Cable 305M,https://www.startech.com.bd/adp-cat-6-cable
AMD Athlon 200GE,https://www.startech.com.bd/ryzen-pc-amd-athlon
Apple 45W MagSafe Power Adapter for MacBook Air,https://www.startech.com.bd/apple-45w-magsafe-power-adapter
Apple 60W MagSafe Power Adapter for MacBook & MacBook Pro,https://www.startech.com.bd/apple-60w-magsafe
Apple 85W MagSafe 2 Power Adapter for MacBook Pro,https://www.startech.com.bd/apple-85w-magsafe-2-power-adapter
Apple 85W MagSafe Power Adapter for MacBook Pro,https://www.startech.com.bd/apple-85w-magsafe
Apple A Grade Power Charger Adapter,https://www.startech.com.bd/apple-a-grade-power-charger-adapter
Brother TN-2260 Toner,https://www.startech.com.bd/Brother-TN-2260-Toner
Canon EF 50mm f/1.8 STM Lens,https://www.startech.com.bd/canon-ef-50mm-lens
Cat6 2Meters Patch Cord (Normal),https://www.startech.com.bd/cat6-2meters-patch-cord-normal
Champion 360 Degree Fish EYE PANORAMIC 2.00MP VR CAMERA,https://www.startech.com.bd/champion-panoramic-vr-camera
CP Plus CP-VTA-T2324-U Time Attendence & Access Control,https://www.startech.com.bd/cp-plus-cp-vta-t2324-u
Crimping Tool For RJ45 & RJ11( Nonbrand),https://www.startech.com.bd/crimping-tool-for-rj45-rj11
D-Link Cat-6 UTP Networking Cable (China)-305 Meter Per Box,https://www.startech.com.bd/d-link-cat-6
D-Link CAT.6 UTP Cable 305M (Original),https://www.startech.com.bd/d-link-cat.6-utp-cable-305m
DAHUA DH-XVR1A 04 Channel Full HD Digital Video Recorder,https://www.startech.com.bd/dahua-dh-xvr1a-full-hd-digital-video-recorder
DAHUA NVR4104H 4 Channel Mini 1U Lite Network Video Recorder (4K-NVR),https://www.startech.com.bd/dahua-nvr4104h-nvr
DAHUA NVR4108H 8 Channel Mini 1U Lite Network Video Recorder (NVR),https://www.startech.com.bd/dahua-nvr4108h
DAHUA NVR4116H 16 Channel Mini 1U Lite Network Video Recorder (NVR),https://www.startech.com.bd/dahua-nvr4116h-16-channel-nvr
DAHUA XVR1A08 08 Channel Penta-brid Digital Video Recorder,https://www.startech.com.bd/dahua-xvr1a08-digital-video-recorder
DAHUA XVR4104HS-X1 04 Channel Penta-brid Digital Video Recorder,https://www.startech.com.bd/dahua-xvr4104hs-x1-penta-brid-digital-video-recorder
DAHUA XVR4108HS-X1 08 Channel Penta-brid Digital Video Recorder,https://www.startech.com.bd/dahua-xvr4108hs-x1-digital-video-recorder
HD LED Portable Home Theater Cinema Projector,https://www.startech.com.bd/home-theater-cinema-projector
HP 20-c403d All-in-One Desktop PC,https://www.startech.com.bd/hp-20-c403d-aio-desktop-pc
HP 680 Tri-color Original Ink Advantage Cartridge,https://www.startech.com.bd/hp-680-tri-color
HP A Grade Laptop & Notebook Battery,https://www.startech.com.bd/hp-laptop-notebook-battery
Linksys WAP300N-AP IEEE 802.11n 300 Mbps Wireless Access Point,https://www.startech.com.bd/linksys-wap300n-ap-wireless-access-point
NETGEAR WN3000RP N300 Mbps WiFi RANGE EXTENDER,https://www.startech.com.bd/NETGEAR-WN3000RP-N300-Mbps-WiFi-RANGE-EXTENDER
Pantum PC211EV Refillable Toner,https://www.startech.com.bd/pantum-pc211ev-refillable-toner
Rosenberger CAT.6 UTP Cable 305M (Original),https://www.startech.com.bd/rosenberger-cat.6-utp-cable-305m
Samsung Internal DVD RW,https://www.startech.com.bd/samsung-internal-dvd-rw
SHARP NEW LED TV 60 inch LE631M,https://www.startech.com.bd/sharp-new-led-tv-60-inch-le631m
Suntech A8 Duble Fan LED Laptop Cooling Pad,https://www.startech.com.bd/suntech-a8-laptop-cooling-pad
Tenda POE15F 10/100Mbps PoE Injector,https://www.startech.com.bd/tenda-poe15f
TP-Link TL-WA830RE 300Mbps Wi-Fi Range Extender,https://www.startech.com.bd/tp-link-tl-wa830re-300mbps-wi-fi-range-extender
 Havit HV-F2050 Ultra Quiet Laptop Cooler Pad,https://www.startech.com.bd/havit-hv-f2050-ultra-quiet-laptop-cooler-pad
 MaxGreen MGH-3KL 3KVA Long Backup Online UPS,https://www.startech.com.bd/maxgreen-3kva-kl-online-ups
16GB Card Pen drive,https://www.startech.com.bd/16gb-card-pendrive
1MORE 1M301 Single Driver In-Ear Headphones ,https://www.startech.com.bd/1more-1m301-earphones 
1MORE E-1010 Quad Driver In-Ear Headphones,https://www.startech.com.bd/1more-e1010-earphone
1MORE E1001 Triple Driver In-Ear Headphones ,https://www.startech.com.bd/1more-e1001-earphones 
1MORE E1003 Piston Classic In-Ear Headphones,https://www.startech.com.bd/1more-e1003-earphone
1MORE E1009 PISTON FIT IN-EAR Headphone,https://www.startech.com.bd/1more-e1009-earphone
1MORE E1017 Dual Driver In-Ear Headphones,https://www.startech.com.bd/1more-e1017-earphones
1MORE E1025 Stylish Dual Driver In-Ear Headphones ,https://www.startech.com.bd/1more-e1025-earphones 
1MORE H1005 Spearhead VR Over- Ear Headphones ,https://www.startech.com.bd/1more-h1005-headphones 
A4 Tech Pk-910H 1080p Full-HD Webcam,https://www.startech.com.bd/a4-tech-pk-910h-1080p-webcam
A4 Tech PK-920H 16 Mega Pixel Full HD Webcam ,https://www.startech.com.bd/a4tech-pk-920h-1-webcam
A4Tech BTS-08 Wireless Bluetooth Speaker,https://www.startech.com.bd/a4tech-bts-08-speaker
A4Tech KB-8A Smart Key Keyboard,https://www.startech.com.bd/a4tech-kb-8a-keyboard
A4Tech KR-83 Comfort Keyboard,https://www.startech.com.bd/a4tech-kr-83-keyboard
A4Tech MK-830 Earphone,https://www.startech.com.bd/a4tech-mk-830-earphone
A4Tech OP-550NU V-TRACK Optical Mouse,https://www.startech.com.bd/a4tech-op-550nu-mouse
"Acer Aspire A315-21 28F1 AMD E2-9000 15.6"" HD Laptop",https://www.startech.com.bd/acer-aspire-a315-21-amd-laptop
"Acer Aspire ES1-533 Intel Celeron Dual Core 15.6"" HD Laptop",https://www.startech.com.bd/acer-aspire-es1-533-cdc-laptop
"Acer EB192Q 18.5"" Led HD Monitor",https://www.startech.com.bd/acer-eb192q-monitor
Acer Laptop & Notebook Power Charger Adapter ,https://www.startech.com.bd/Laptop--Notebook-Power-Charger-Adapter 
ADATA 32 GB Micro SDHC Card Class 10,https://www.startech.com.bd/adata-32-gb-micro-sd-card
Adata 4GB DDR4 2400MHz Laptop Ram,https://www.startech.com.bd/adata-4gb-ddr4-laptop-ram
Adata SU 650 120 GB Solid State Drive,https://www.startech.com.bd/adata-su-650-120gb-ssd
ADATA UV 128 USB 3.0 16 GB Pen Drive ,https://www.startech.com.bd/ADATA-UV-128-USB-3.0-16-GB-Pen-Drive 
Amazon Fire 7 Quad Core Touchscreen Tablet,https://www.startech.com.bd/amazon-fire-7-1gb-ram-8gb-storage-tablet
AMD Ryzen 3 1200 True Quad Core Processor,https://www.startech.com.bd/amd-ryzen-3-1200-true-quad-core-processor
AMD Ryzen 3 1300X True Quad Core Processor,https://www.startech.com.bd/amd-ryzen-3-1300x-processor
AMD Ryzen 3 2200G Quad-Core Processor With Radeon Vega 8 Graphics,https://www.startech.com.bd/amd-ryzen-3-2200g-processor
AMD Ryzen 7 3700X Processor,https://www.startech.com.bd/amd-ryzen-7-3700x-processor
AMD Ryzen 7 3800X Processor,https://www.startech.com.bd/amd-ryzen-7-3800x-processor
Antec Casing COOLING FAN Prizm 120 RGB Case Cooler,https://www.startech.com.bd/antec-prizm-120-rgb-case-cooler
Antec NX100 Mid Tower Cabinet Gaming Casing,https://www.startech.com.bd/antec-nx100-mid-tower-cabinet-gaming-casing
Antec VP500P Plus 500 Watt Power Supply,https://www.startech.com.bd/antec-vp500p-plus-power-supply
"AOC E970SWN 18.5"" Panel LED Monitor",https://www.startech.com.bd/aoc-e970swn-tn-panel-led-monitor
Apacer AH25B 16GB USB 3.1 Flash Drive,https://www.startech.com.bd/apacer-ah25b-16gb-pen-drive
Apacer 16 GB MICRO SDHC UHS-1 U 1 CLASS 10 R85,https://www.startech.com.bd/apacer-16gb-memory
Apogee ONE for MAC One USB Audio Interface,https://www.startech.com.bd/apogee-one-mac-audio-interface
Apollo 11-in-1 USB-C Stand & Hub for MacBook & Other Laptops,https://www.startech.com.bd/apollo-11-in-1-usb-c-hub
Apollo 70”x70” Tripod Projection Screen,https://www.startech.com.bd/apollo-tripod-projection-screen
"Apple 9.7"" iPad MR7F2ll/A (Latest Model) with Wi-Fi 32GB ",https://www.startech.com.bd/apple-ipad-mr7F2ll-a-32gb
Apple AirPort Time Capsule 2TB HDD,https://www.startech.com.bd/apple-airport-time-capsule-2tb-hdd
"Apple iMac 21.5"" MMQA2 Core i5 8GB RAM 1TB Storage",https://www.startech.com.bd/imac-mmqa2-i5-7th-gen
ASRock A320M-HDV R4.0 AMD Motherboard,https://www.startech.com.bd/asrock-a320m-hdv-r4.0-amd-motherboard
Asrock H81M-VG4 R3.0 Super Alloy ATX Motherboard,https://www.startech.com.bd/asrock-h81m-vg4-r3-motherboard
"ASUS E203NAH N4200 Pentium Quad Core 11.6"" VivoBook With Genuine Win 10",https://www.startech.com.bd/asus-e203nah-vivobook
ASUS EX-A320M AMD AM4 Socket Gaming Motherboard,https://www.startech.com.bd/asus-ex-a320m-gaming-motherboard
Asus H110M-CS 7th/6th Gen micro-ATX Motherboard,https://www.startech.com.bd/asus-h110m-cs-micro-atx-motherboard
Asus P3B Mini LED 800 Lumen Multimedia Projector,https://www.startech.com.bd/asus-p3b-mini-multimedia-projector
Asus PN40 Celeron Dual Core Mini PC ,https://www.startech.com.bd/asus-pn40-cdc-pc
ASUS PRIME B450M-A AMD mATX Motherboard,https://www.startech.com.bd/asus-prime-b450m-a-amd-motherboard
Asus Rog Strix RX570 OC edition 4GB GDDR5 Graphics Card,https://www.startech.com.bd/asus-rog-strix-rx570-oc-4g-graphics-card
Asus RT-N10 EZN 150 Mbps Wireless Router,https://www.startech.com.bd/asus-rt-n10-router
Asus VX207NE Eye Care 19.5 inch HD Monitor,https://www.startech.com.bd/asus-vx207ne-monitor
Audio Technica AT2035 Cardioid Condenser Microphone,https://www.startech.com.bd/audio-technica-at-2035-microphone
Aurora AS1225CD Paper Shredder,https://www.startech.com.bd/aurora-as1225cd-paper-shredder
Aurora AS1540CD Paper Shredder,https://www.startech.com.bd/aurora-as1540cd-paper-shredder
Autodesk AutoCAD 2018 Commercial New Single-user ELD Annual Subscription,https://www.startech.com.bd/autodesk-one-user
Avermedia AS510 2.0 channel TV Sound Bar,https://www.startech.com.bd/avermedia-as510-sounbar
Awei A800BL Bluetooth Wireless Headphone,https://www.startech.com.bd/awei-a800bl-bluetooth-headphone
Awei A920BL Bluetooth Wireless Sports Earphone,https://www.startech.com.bd/awei-a920bl-bluetooth-sports-earphone
Awei A980BL Bluetooth Wireless Sports Earphone,https://www.startech.com.bd/awei-a980bl-bluetooth-sport-earphone
AWEI Y900 Mini Portable Wireless Bluetooth Speaker With Build in Mic,https://www.startech.com.bd/awei-y900-portable-wireless-speaker 
Bang Olufsen Beoplay A1 Portable  Bluetooth Speaker,https://www.startech.com.bd/bang-olufsen-beoplay-a1-bluetooth-speaker
Baseus 6 in 1 Hub Docking Station,https://www.startech.com.bd/baseus-6-in-1-hub-docking-station
Baseus 7 in 1 Hub Docking Station,https://www.startech.com.bd/baseus-7-in-1-hub-docking-station
Baseus A01 Wireless Bluetooth V4.1 Earphone With Microphone,https://www.startech.com.bd/baseus-a01-wireless-earphone
Baseus Encok C16 Type-C In-Ear Wired Earphone,https://www.startech.com.bd/baseus-encok-c16-stereo-bass-earphone
Baseus Encok S07 Sports Neckband Wireless Bluetooth Earphone,https://www.startech.com.bd/baseus-encok-s07-bluetooth-earphone
Baseus Encok S16 Neck Hung Wireless Bluetooth Earphone,https://www.startech.com.bd/baseus-encok-s16-bluetooth-earphone
Baseus H08 Immersive Virtual 3D Gaming Earphone,https://www.startech.com.bd/baseus-h08-gaming-earphone
Baseus Magnetic Bluetooth In-ear Earphone with Microphone,https://www.startech.com.bd/baseus-magnetic-bluetooth-earphone
BE-13 Bluetooth Speaker,https://www.startech.com.bd/be-13-bluetooth-speaker
Belkin F8N900BTBLK Classic Pro Backpack,https://www.startech.com.bd/belkin-classic-pro-backpack
